{"count":1,"self":74.4713472,"total":75.9995277,"children":{"AgentResetIfDone":{"count":3608,"self":0.0039911999999999994,"total":0.0039911999999999994,"children":null},"AgentSendState":{"count":3608,"self":0.10078379999999999,"total":0.1466605,"children":{"CollectObservations":{"count":9632,"self":0.0458767,"total":0.0458767,"children":null}}},"DecideAction":{"count":3608,"self":1.3424988,"total":1.3424988,"children":null},"AcademyStep":{"count":3608,"self":0.0040029,"total":0.0040029,"children":null},"AgentAct":{"count":3608,"self":0.0290274,"total":0.0290274,"children":null}}}