{"count":1,"self":308.9723648,"total":313.9040358,"children":{"AgentResetIfDone":{"count":14590,"self":0.072847399999999993,"total":0.072847399999999993,"children":null},"AgentSendState":{"count":14590,"self":0.47325049999999996,"total":0.65282869999999993,"children":{"CollectObservations":{"count":60825,"self":0.1795782,"total":0.1795782,"children":null}}},"DecideAction":{"count":14590,"self":3.7840852,"total":3.7840852,"children":null},"AcademyStep":{"count":14590,"self":0.1339834,"total":0.1339834,"children":null},"AgentAct":{"count":14588,"self":0.2859314,"total":0.2859314,"children":null}}}