{"count":1,"self":125.5037952,"total":127.3326,"children":{"AgentResetIfDone":{"count":6235,"self":0.0039949,"total":0.0039949,"children":null},"AgentSendState":{"count":6235,"self":0.027957799999999998,"total":0.0319522,"children":{"CollectObservations":{"count":15590,"self":0.0039943999999999995,"total":0.0039943999999999995,"children":null}}},"DecideAction":{"count":6235,"self":1.7517559999999999,"total":1.7517558999999998,"children":null},"AcademyStep":{"count":6235,"self":0.032109,"total":0.032109,"children":null},"AgentAct":{"count":6235,"self":0.0069904999999999993,"total":0.0069904999999999993,"children":null}}}