{"cameraMode":{"drawMode":0,"name":"Shaded","section":"Shading Mode"},"sceneLighting":false,"audioPlay":false,"sceneViewState":{"showFog":true,"showMaterialUpdate":false,"showSkybox":false,"showFlares":true,"showImageEffects":true,"showParticleSystems":true},"in2DMode":false,"pivot":{"x":0.0009999573230743409,"y":-0.09000000357627869,"z":-0.0040000081062316898},"rotation":{"x":0.27361953258514407,"y":0.6555854082107544,"z":-0.27737686038017275,"w":0.6469212174415588},"size":5.049808979034424,"orthographic":false}