{"cameraMode":{"drawMode":0,"name":"Shaded","section":"Shading Mode"},"sceneLighting":false,"audioPlay":false,"sceneViewState":{"showFog":true,"showMaterialUpdate":false,"showSkybox":false,"showFlares":true,"showImageEffects":true,"showParticleSystems":true},"in2DMode":false,"pivot":{"x":0.2360822856426239,"y":-0.2410128116607666,"z":0.5100870132446289},"rotation":{"x":0.08241823315620423,"y":-0.8582688570022583,"z":0.485166996717453,"w":0.14584583044052125},"size":1.799689531326294,"orthographic":false}