{"cameraMode":{"drawMode":0,"name":"Shaded","section":"Shading Mode"},"sceneLighting":false,"audioPlay":false,"sceneViewState":{"showFog":true,"showMaterialUpdate":false,"showSkybox":false,"showFlares":true,"showImageEffects":true,"showParticleSystems":true},"in2DMode":false,"pivot":{"x":-0.0149993896484375,"y":-0.125,"z":-0.0149993896484375},"rotation":{"x":-0.46958979964256289,"y":-0.02305094711482525,"z":0.01225550938397646,"w":-0.8825176954269409},"size":119.37943267822266,"orthographic":false}