{"cameraMode":{"drawMode":0,"name":"Shaded","section":"Shading Mode"},"sceneLighting":false,"audioPlay":false,"sceneViewState":{"showFog":true,"showMaterialUpdate":false,"showSkybox":false,"showFlares":true,"showImageEffects":true,"showParticleSystems":true},"in2DMode":false,"pivot":{"x":0.0,"y":1.8544964790344239,"z":0.18122577667236329},"rotation":{"x":-0.33530834317207339,"y":-0.018946444615721704,"z":0.006734800525009632,"w":-0.9419115781784058},"size":49.41179275512695,"orthographic":false}