{"cameraMode":{"drawMode":0,"name":"Shaded","section":"Shading Mode"},"sceneLighting":false,"audioPlay":false,"sceneViewState":{"showFog":true,"showMaterialUpdate":false,"showSkybox":false,"showFlares":true,"showImageEffects":true,"showParticleSystems":true},"in2DMode":false,"pivot":{"x":-6.188575267791748,"y":6.694887161254883,"z":2.414032459259033},"rotation":{"x":0.07877366989850998,"y":0.8978033661842346,"z":-0.3944897949695587,"w":0.17928235232830048},"size":9.175223350524903,"orthographic":false}