{"cameraMode":{"drawMode":0,"name":"Shaded","section":"Shading Mode"},"sceneLighting":false,"audioPlay":false,"sceneViewState":{"showFog":true,"showMaterialUpdate":false,"showSkybox":false,"showFlares":true,"showImageEffects":true,"showParticleSystems":true},"in2DMode":false,"pivot":{"x":10.579999923706055,"y":4.449999809265137,"z":-7.170000076293945},"rotation":{"x":-0.6202163696289063,"y":-0.0028237339574843647,"z":0.0022497691679745914,"w":-0.784462571144104},"size":40.010372161865237,"orthographic":false}