{"cameraMode":{"drawMode":0,"name":"Shaded","section":"Shading Mode"},"sceneLighting":false,"audioPlay":false,"sceneViewState":{"showFog":true,"showMaterialUpdate":false,"showSkybox":false,"showFlares":true,"showImageEffects":true,"showParticleSystems":true},"in2DMode":false,"pivot":{"x":-0.8455313444137573,"y":2.1745200157165529,"z":-4.815847396850586},"rotation":{"x":-0.4411052167415619,"y":0.08404527604579926,"z":-0.04154930263757706,"w":-0.8925638198852539},"size":9.217463493347168,"orthographic":false}