{"cameraMode":{"drawMode":0,"name":"Shaded","section":"Shading Mode"},"sceneLighting":false,"audioPlay":false,"sceneViewState":{"showFog":true,"showMaterialUpdate":false,"showSkybox":false,"showFlares":true,"showImageEffects":true,"showParticleSystems":true},"in2DMode":false,"pivot":{"x":-3.1536366939544679,"y":8.621207237243653,"z":-12.138097763061524},"rotation":{"x":-0.20963388681411744,"y":0.6787894368171692,"z":-0.2119588553905487,"w":-0.6711865067481995},"size":63.679290771484378,"orthographic":false}