{"cameraMode":{"drawMode":0,"name":"Shaded","section":"Shading Mode"},"sceneLighting":false,"audioPlay":false,"sceneViewState":{"showFog":true,"showMaterialUpdate":false,"showSkybox":false,"showFlares":true,"showImageEffects":true,"showParticleSystems":true},"in2DMode":false,"pivot":{"x":10.769142150878907,"y":4.449999809265137,"z":-14.249491691589356},"rotation":{"x":-0.5077022314071655,"y":0.0007670182385481894,"z":-0.00045141155715100467,"w":-0.861565887928009},"size":63.30690383911133,"orthographic":false}