{"cameraMode":{"drawMode":0,"name":"Shaded","section":"Shading Mode"},"sceneLighting":false,"audioPlay":false,"sceneViewState":{"showFog":true,"showMaterialUpdate":false,"showSkybox":false,"showFlares":true,"showImageEffects":true,"showParticleSystems":true},"in2DMode":false,"pivot":{"x":-9.811946868896485,"y":2.8499999046325685,"z":1.026564598083496},"rotation":{"x":0.45956897735595705,"y":-0.4547628164291382,"z":0.29750579595565798,"w":0.7025178670883179},"size":2.8578836917877199,"orthographic":false}