{"cameraMode":{"drawMode":0,"name":"Shaded","section":"Shading Mode"},"sceneLighting":false,"audioPlay":false,"sceneViewState":{"showFog":true,"showMaterialUpdate":false,"showSkybox":false,"showFlares":true,"showImageEffects":true,"showParticleSystems":true},"in2DMode":false,"pivot":{"x":-2.3619823455810549,"y":-3.8104610443115236,"z":2.850346565246582},"rotation":{"x":-0.10644148290157318,"y":0.7354933023452759,"z":-0.11881926655769348,"w":-0.6585661768913269},"size":26.026628494262697,"orthographic":false}