{"cameraMode":{"drawMode":0,"name":"Shaded","section":"Shading Mode"},"sceneLighting":true,"audioPlay":false,"sceneViewState":{"showFog":true,"showMaterialUpdate":false,"showSkybox":false,"showFlares":true,"showImageEffects":true,"showParticleSystems":true},"in2DMode":false,"pivot":{"x":-15.070012092590332,"y":11.482389450073243,"z":-30.722110748291017},"rotation":{"x":0.011031602509319783,"y":0.7624941468238831,"z":-0.6468138694763184,"w":0.01297549158334732},"size":84.90433502197266,"orthographic":false}